time, x, v
0.000000, 0.000000, 0.000000
1.000000, 0.006672, 0.266871
2.000000, 0.026423, 0.523175
3.000000, 0.056545, 0.681696
4.000000, 0.096274, 0.907471
5.000000, 0.148136, 1.167001
6.000000, 0.212059, 1.389926
7.000000, 0.283507, 1.468001
8.000000, 0.356925, 1.468707
9.000000, 0.435469, 1.673065
10.000000, 0.523781, 1.859402
11.000000, 0.623359, 2.123715
12.000000, 0.734465, 2.320559
13.000000, 0.852735, 2.410218
14.000000, 0.979720, 2.669198
15.000000, 1.116926, 2.819042
16.000000, 1.260066, 2.906557
17.000000, 1.411765, 3.161412
18.000000, 1.573778, 3.319092
19.000000, 1.743964, 3.488340
20.000000, 1.924547, 3.734969
21.000000, 2.117796, 3.994989
22.000000, 2.322212, 4.181672
23.000000, 2.534787, 4.321317
24.000000, 2.755602, 4.511302
25.000000, 2.989151, 4.830634
26.000000, 3.232602, 4.907414
27.000000, 3.481917, 5.065183
28.000000, 3.740547, 5.280040
29.000000, 4.009217, 5.466736
30.000000, 4.287137, 5.650075
31.000000, 4.580707, 6.092708
32.000000, 4.891011, 6.319447
33.000000, 5.210745, 6.469947
34.000000, 5.535269, 6.511018
35.000000, 5.864009, 6.638554
36.000000, 6.201018, 6.841833
37.000000, 6.549116, 7.082082
38.000000, 6.906340, 7.206872
39.000000, 7.274548, 7.521459
40.000000, 7.657467, 7.795295
41.000000, 8.047981, 7.825274
42.000000, 8.446592, 8.119164
43.000000, 8.858588, 8.360642
44.000000, 9.280545, 8.517646
45.000000, 9.711265, 8.711165
46.000000, 10.147043, 8.719938
47.000000, 10.587547, 8.900239
48.000000, 11.036368, 9.052592
49.000000, 11.496472, 9.351563
50.000000, 11.971550, 9.651577
51.000000, 12.464051, 10.048449
52.000000, 12.973013, 10.310043
53.000000, 13.494535, 10.550845
54.000000, 14.034086, 11.031182
55.000000, 14.589135, 11.170794
56.000000, 15.153443, 11.401509
57.000000, 15.729148, 11.626698
58.000000, 16.312039, 11.688918
59.000000, 16.899922, 11.826424
60.000000, 17.495385, 11.992099
61.000000, 18.095902, 12.028575
62.000000, 18.706986, 12.414776
63.000000, 19.333930, 12.663011
64.000000, 19.976180, 13.026987
65.000000, 20.633157, 13.252094
66.000000, 21.298573, 13.364542
67.000000, 21.967509, 13.392880
68.000000, 22.645642, 13.732425
69.000000, 23.340129, 14.047062
70.000000, 24.044337, 14.121263
71.000000, 24.754350, 14.279275
72.000000, 25.477464, 14.645258
73.000000, 26.213378, 14.791312
74.000000, 26.956647, 14.939435
75.000000, 27.708916, 15.151345
76.000000, 28.468980, 15.251206
77.000000, 29.230564, 15.212170
78.000000, 29.990003, 15.165369
79.000000, 30.746354, 15.088695
80.000000, 31.499820, 15.049933
81.000000, 32.249355, 14.931478
82.000000, 33.002000, 15.174295
83.000000, 33.760893, 15.181445
84.000000, 34.521493, 15.242552
85.000000, 35.284287, 15.269209
86.000000, 36.041416, 15.015954
87.000000, 36.788600, 14.871403
88.000000, 37.539566, 15.167237
89.000000, 38.296123, 15.095044
90.000000, 39.056518, 15.320759
91.000000, 39.822929, 15.335655
92.000000, 40.593195, 15.474986
93.000000, 41.371355, 15.651412
94.000000, 42.155308, 15.706710
95.000000, 42.942788, 15.792517
96.000000, 43.730828, 15.729061
97.000000, 44.511660, 15.504235
98.000000, 45.285055, 15.431573
99.000000, 46.054567, 15.348900
100.000000, 46.822107, 15.352698
101.000000, 47.589195, 15.330812
102.000000, 48.359240, 15.470981
103.000000, 49.130852, 15.393525
104.000000, 49.898431, 15.309629
105.000000, 50.661404, 15.209268
106.000000, 51.424556, 15.316816
107.000000, 52.194776, 15.492015
108.000000, 52.969279, 15.488099
109.000000, 53.747182, 15.628008
110.000000, 54.530825, 15.717700
111.000000, 55.319227, 15.818380
112.000000, 56.103589, 15.556109
113.000000, 56.879007, 15.460615
114.000000, 57.651077, 15.422190
115.000000, 58.421122, 15.379588
116.000000, 59.190796, 15.407385
117.000000, 59.966491, 15.620402
118.000000, 60.748273, 15.650878
119.000000, 61.535119, 15.822984
120.000000, 62.326587, 15.835738
121.000000, 63.116743, 15.770511
122.000000, 63.905231, 15.769001
123.000000, 64.694010, 15.782155
124.000000, 65.479216, 15.626080
125.000000, 66.257882, 15.520573
126.000000, 67.035507, 15.584406
127.000000, 67.815914, 15.631903
128.000000, 68.596680, 15.598714
129.000000, 69.375938, 15.571613
130.000000, 70.158176, 15.717923
131.000000, 70.942853, 15.669123
132.000000, 71.725772, 15.647664
133.000000, 72.508978, 15.680579
134.000000, 73.295341, 15.773918
135.000000, 74.081540, 15.674066
136.000000, 74.863018, 15.585040
137.000000, 75.640061, 15.496685
138.000000, 76.416234, 15.550209
139.000000, 77.194412, 15.576926
140.000000, 77.970945, 15.484394
141.000000, 78.748468, 15.616532
142.000000, 79.530942, 15.682423
143.000000, 80.314631, 15.665130
144.000000, 81.097624, 15.654597
145.000000, 81.879697, 15.628331
146.000000, 82.664315, 15.756393
147.000000, 83.455158, 15.877326
148.000000, 84.248484, 15.855706
149.000000, 85.042876, 15.919978
150.000000, 85.835809, 15.797335
151.000000, 86.624101, 15.734332
152.000000, 87.411263, 15.752168
153.000000, 88.193873, 15.552226
154.000000, 88.972090, 15.576469
155.000000, 89.746209, 15.388294
156.000000, 90.514479, 15.342499
157.000000, 91.282120, 15.363119
158.000000, 92.047162, 15.238572
159.000000, 92.812770, 15.385745
160.000000, 93.575810, 15.135874
161.000000, 94.332717, 15.140407
162.000000, 95.090521, 15.171755
163.000000, 95.849612, 15.191885
164.000000, 96.611802, 15.295707
165.000000, 97.374796, 15.224042
166.000000, 98.135541, 15.205745
167.000000, 98.893811, 15.125075
168.000000, 99.648771, 15.073324
169.000000, 100.402833, 15.089134
170.000000, 101.150238, 14.807101
171.000000, 101.893118, 14.908069
172.000000, 102.641800, 15.039234
173.000000, 103.391283, 14.940096
174.000000, 104.139566, 14.991203
175.000000, 104.893334, 15.159510
176.000000, 105.653074, 15.230090
177.000000, 106.415383, 15.262278
178.000000, 107.182403, 15.418529
179.000000, 107.952591, 15.389000
180.000000, 108.720268, 15.318063
181.000000, 109.488243, 15.400929
182.000000, 110.258937, 15.426826
183.000000, 111.029016, 15.376349
184.000000, 111.802877, 15.578090
185.000000, 112.579730, 15.496029
186.000000, 113.354713, 15.503291
187.000000, 114.131026, 15.549224
188.000000, 114.907559, 15.512109
189.000000, 115.682249, 15.475490
190.000000, 116.457000, 15.514541
191.000000, 117.236253, 15.655570
192.000000, 118.020353, 15.708461
193.000000, 118.806169, 15.724154
194.000000, 119.594563, 15.811616
195.000000, 120.379975, 15.604857
196.000000, 121.159640, 15.581752
197.000000, 121.934127, 15.397728
198.000000, 122.698030, 15.158385
199.000000, 123.452533, 15.021728
200.000000, 124.196913, 14.753488
201.000000, 124.928661, 14.516441
202.000000, 125.650948, 14.375030
203.000000, 126.363657, 14.133320
204.000000, 127.067454, 14.018563
205.000000, 127.761091, 13.726928
206.000000, 128.441777, 13.500507
207.000000, 129.113756, 13.378662
208.000000, 129.776398, 13.126989
209.000000, 130.431783, 13.088408
210.000000, 131.080780, 12.871507
211.000000, 131.718327, 12.630353
212.000000, 132.347728, 12.545672
213.000000, 132.971902, 12.421291
214.000000, 133.588801, 12.254685
215.000000, 134.195967, 12.031938
216.000000, 134.790772, 11.760290
217.000000, 135.372661, 11.515242
218.000000, 135.942267, 11.269001
219.000000, 136.501507, 11.100612
220.000000, 137.053663, 10.985630
221.000000, 137.601191, 10.915488
222.000000, 138.145393, 10.852585
223.000000, 138.686389, 10.787250
224.000000, 139.222133, 10.642530
225.000000, 139.748174, 10.399119
226.000000, 140.266561, 10.336328
227.000000, 140.776479, 10.060400
228.000000, 141.269773, 9.671359
229.000000, 141.751448, 9.595634
230.000000, 142.224322, 9.319360
231.000000, 142.682472, 9.006637
232.000000, 143.127526, 8.795514
233.000000, 143.562454, 8.601593
234.000000, 143.986227, 8.349345
235.000000, 144.401074, 8.244536
236.000000, 144.813945, 8.270289
237.000000, 145.223799, 8.123875
238.000000, 145.623793, 7.875887
239.000000, 146.008117, 7.497073
240.000000, 146.377745, 7.288052
241.000000, 146.738286, 7.133581
242.000000, 147.088125, 6.859993
243.000000, 147.426051, 6.657039
244.000000, 147.757915, 6.617514
245.000000, 148.085919, 6.502665
246.000000, 148.403588, 6.204071
247.000000, 148.710329, 6.065570
248.000000, 149.006282, 5.772550
249.000000, 149.288637, 5.521661
250.000000, 149.558973, 5.291763
251.000000, 149.820044, 5.151085
252.000000, 150.069682, 4.834445
253.000000, 150.305854, 4.612443
254.000000, 150.527960, 4.271769
255.000000, 150.734261, 3.980274
256.000000, 150.930031, 3.850546
257.000000, 151.116324, 3.601152
258.000000, 151.292636, 3.451336
259.000000, 151.459162, 3.209696
260.000000, 151.618567, 3.166527
261.000000, 151.775957, 3.129060
262.000000, 151.924600, 2.816647
263.000000, 152.062286, 2.690797
264.000000, 152.191178, 2.464898
265.000000, 152.309447, 2.265849
266.000000, 152.422284, 2.247649
267.000000, 152.531932, 2.138264
268.000000, 152.633462, 1.922952
269.000000, 152.723610, 1.682967
270.000000, 152.805363, 1.587121
271.000000, 152.882192, 1.486073
272.000000, 152.949205, 1.194433
273.000000, 153.007708, 1.145704
274.000000, 153.055048, 0.747892
275.000000, 153.088442, 0.587873
276.000000, 153.113846, 0.428263
277.000000, 153.128388, 0.153419
278.000000, 153.132618, 0.015793
279.000000, 153.133013, 0.000000
0.000000, 0.000000, 0.000000
1.000000, 0.000812, 0.032479
2.000000, 0.009392, 0.310709
3.000000, 0.027355, 0.407817
4.000000, 0.050505, 0.518175
5.000000, 0.080207, 0.669934
6.000000, 0.117147, 0.807641
7.000000, 0.160757, 0.936762
8.000000, 0.205439, 0.850521
9.000000, 0.253652, 1.078007
10.000000, 0.309761, 1.166363
11.000000, 0.370942, 1.280848
12.000000, 0.440848, 1.515426
13.000000, 0.519881, 1.645875
14.000000, 0.602244, 1.648651
15.000000, 0.686215, 1.710161
16.000000, 0.775596, 1.865089
17.000000, 0.873963, 2.069597
18.000000, 0.979380, 2.147089
19.000000, 1.087660, 2.184092
20.000000, 1.200112, 2.314006
21.000000, 1.317908, 2.397815
22.000000, 1.439111, 2.450307
23.000000, 1.564980, 2.584455
24.000000, 1.694903, 2.612481
25.000000, 1.829841, 2.785017
26.000000, 1.971159, 2.867732
27.000000, 2.119225, 3.054894
28.000000, 2.272894, 3.091864
29.000000, 2.432208, 3.280685
30.000000, 2.595898, 3.266941
31.000000, 2.763276, 3.428159
32.000000, 2.940636, 3.666234
33.000000, 3.120506, 3.528565
34.000000, 3.299037, 3.612675
35.000000, 3.486078, 3.868992
36.000000, 3.676299, 3.739851
37.000000, 3.865081, 3.811430
38.000000, 4.056330, 3.838508
39.000000, 4.252487, 4.007790
40.000000, 4.454419, 4.069483
41.000000, 4.656102, 3.997828
42.000000, 4.853893, 3.913804
43.000000, 5.055394, 4.146263
44.000000, 5.261259, 4.088307
45.000000, 5.473219, 4.390099
46.000000, 5.698499, 4.621112
47.000000, 5.936651, 4.904984
48.000000, 6.185151, 5.035016
49.000000, 6.441232, 5.208223
50.000000, 6.703188, 5.269992
51.000000, 6.974971, 5.601350
52.000000, 7.258396, 5.735639
53.000000, 7.547482, 5.827820
54.000000, 7.843856, 6.027131
55.000000, 8.150271, 6.229478
56.000000, 8.466967, 6.438358
57.000000, 8.797183, 6.770256
58.000000, 9.139419, 6.919190
59.000000, 9.485818, 6.936784
60.000000, 9.835031, 7.031709
61.000000, 10.188224, 7.096036
62.000000, 10.540694, 7.002739
63.000000, 10.895787, 7.200988
64.000000, 11.261795, 7.439359
65.000000, 11.634772, 7.479705
66.000000, 12.014499, 7.709385
67.000000, 12.398044, 7.632403
68.000000, 12.778703, 7.593963
69.000000, 13.160807, 7.690214
70.000000, 13.550044, 7.879255
71.000000, 13.945165, 7.925598
72.000000, 14.346893, 8.143513
73.000000, 14.753256, 8.111007
74.000000, 15.161193, 8.206454
75.000000, 15.572236, 8.235288
76.000000, 15.984460, 8.253670
77.000000, 16.399084, 8.331262
78.000000, 16.819213, 8.473926
79.000000, 17.240156, 8.363793
80.000000, 17.659357, 8.404246
81.000000, 18.081668, 8.488201
82.000000, 18.507059, 8.527440
83.000000, 18.932047, 8.472060
84.000000, 19.357188, 8.533590
85.000000, 19.785122, 8.583765
86.000000, 20.214520, 8.592161
87.000000, 20.640749, 8.456982
88.000000, 21.067669, 8.619845
89.000000, 21.504606, 8.857617
90.000000, 21.948806, 8.910390
91.000000, 22.398037, 9.058852
92.000000, 22.853364, 9.154225
93.000000, 23.309835, 9.104625
94.000000, 23.765915, 9.138566
95.000000, 24.223965, 9.183432
96.000000, 24.681775, 9.128965
97.000000, 25.140076, 9.203087
98.000000, 25.604097, 9.357743
99.000000, 26.070174, 9.285327
100.000000, 26.537487, 9.407183
101.000000, 27.005939, 9.330933
102.000000, 27.479920, 9.628277
103.000000, 27.963802, 9.726998
104.000000, 28.447890, 9.636532
105.000000, 28.928803, 9.599978
106.000000, 29.411679, 9.715058
107.000000, 29.894493, 9.597539
108.000000, 30.377400, 9.718708
109.000000, 30.864810, 9.777719
110.000000, 31.358272, 9.960733
111.000000, 31.858040, 10.030011
112.000000, 32.360035, 10.049785
113.000000, 32.858827, 9.901886
114.000000, 33.355568, 9.967753
115.000000, 33.858698, 10.157451
116.000000, 34.371325, 10.347621
117.000000, 34.891001, 10.439428
118.000000, 35.415717, 10.549223
119.000000, 35.943628, 10.567192
120.000000, 36.476450, 10.745690
121.000000, 37.017668, 10.903049
122.000000, 37.567731, 11.099453
123.000000, 38.125811, 11.223751
124.000000, 38.685757, 11.174101
125.000000, 39.250501, 11.415652
126.000000, 39.823467, 11.503010
127.000000, 40.400577, 11.581366
128.000000, 40.979796, 11.587411
129.000000, 41.560421, 11.637582
130.000000, 42.142963, 11.664106
131.000000, 42.730358, 11.831701
132.000000, 43.324939, 11.951509
133.000000, 43.926516, 12.111588
134.000000, 44.532937, 12.145245
135.000000, 45.144297, 12.309167
136.000000, 45.759629, 12.304090
137.000000, 46.377904, 12.426922
138.000000, 47.001820, 12.529720
139.000000, 47.635386, 12.812906
140.000000, 48.278281, 12.902904
141.000000, 48.925274, 12.976834
142.000000, 49.572120, 12.897001
143.000000, 50.221493, 13.077917
144.000000, 50.876778, 13.133466
145.000000, 51.537908, 13.311767
146.000000, 52.206256, 13.422143
147.000000, 52.878456, 13.465857
148.000000, 53.555234, 13.605256
149.000000, 54.236133, 13.630685
150.000000, 54.913462, 13.462488
151.000000, 55.582001, 13.279091
152.000000, 56.246940, 13.318442
153.000000, 56.912633, 13.309289
154.000000, 57.581591, 13.449035
155.000000, 58.250609, 13.311689
156.000000, 58.915655, 13.290151
157.000000, 59.572885, 12.999031
158.000000, 60.223174, 13.012535
159.000000, 60.866402, 12.716587
160.000000, 61.500773, 12.658240
161.000000, 62.132235, 12.600267
162.000000, 62.755486, 12.329747
163.000000, 63.367870, 12.165632
164.000000, 63.977147, 12.205462
165.000000, 64.586637, 12.174113
166.000000, 65.190410, 11.976797
167.000000, 65.783583, 11.750146
168.000000, 66.367420, 11.603347
169.000000, 66.947622, 11.604703
170.000000, 67.524180, 11.457633
171.000000, 68.093961, 11.333614
172.000000, 68.656859, 11.182278
173.000000, 69.217571, 11.246208
174.000000, 69.779127, 11.216037
175.000000, 70.335530, 11.040071
176.000000, 70.889003, 11.098859
177.000000, 71.439812, 10.933520
178.000000, 71.985716, 10.902612
179.000000, 72.524906, 10.664988
180.000000, 73.057028, 10.619913
181.000000, 73.581363, 10.353469
182.000000, 74.092698, 10.099930
183.000000, 74.596827, 10.065254
184.000000, 75.104703, 10.249765
185.000000, 75.615189, 10.169668
186.000000, 76.124560, 10.205201
187.000000, 76.629630, 9.997576
188.000000, 77.131436, 10.074662
189.000000, 77.634311, 10.040348
190.000000, 78.132790, 9.898836
191.000000, 78.624873, 9.784476
192.000000, 79.115520, 9.841411
193.000000, 79.605895, 9.773573
194.000000, 80.092944, 9.708395
195.000000, 80.577580, 9.677029
196.000000, 81.057462, 9.518253
197.000000, 81.530114, 9.387815
198.000000, 81.991735, 9.077055
199.000000, 82.445614, 9.078087
200.000000, 82.895241, 8.906981
201.000000, 83.341257, 8.933664
202.000000, 83.784679, 8.803227
203.000000, 84.223702, 8.757682
204.000000, 84.659713, 8.682749
205.000000, 85.089052, 8.490812
206.000000, 85.509226, 8.316167
207.000000, 85.921974, 8.193767
208.000000, 86.321043, 7.768964
209.000000, 86.705845, 7.623117
210.000000, 87.093822, 7.895992
211.000000, 87.488348, 7.885037
212.000000, 87.880688, 7.808543
213.000000, 88.265476, 7.582984
214.000000, 88.639755, 7.388198
215.000000, 89.006404, 7.277732
216.000000, 89.364410, 7.042522
217.000000, 89.711312, 6.833564
218.000000, 90.048114, 6.638499
219.000000, 90.378658, 6.583263
220.000000, 90.702676, 6.377484
221.000000, 91.017546, 6.217298
222.000000, 91.325547, 6.102745
223.000000, 91.627146, 5.961200
224.000000, 91.918622, 5.697863
225.000000, 92.200455, 5.575430
226.000000, 92.478273, 5.537307
227.000000, 92.756931, 5.609003
228.000000, 93.032892, 5.429453
229.000000, 93.297689, 5.162430
230.000000, 93.561964, 5.408555
231.000000, 93.830325, 5.325871
232.000000, 94.096104, 5.305318
233.000000, 94.361487, 5.309977
234.000000, 94.627044, 5.312318
235.000000, 94.888509, 5.146297
236.000000, 95.147011, 5.193776
237.000000, 95.402276, 5.016805
238.000000, 95.652110, 4.976573
239.000000, 95.901338, 4.992541
240.000000, 96.148137, 4.879436
241.000000, 96.390257, 4.805344
242.000000, 96.628151, 4.710434
243.000000, 96.862578, 4.666631
244.000000, 97.098269, 4.761004
245.000000, 97.331763, 4.578774
246.000000, 97.559214, 4.519237
247.000000, 97.784031, 4.473447
248.000000, 98.004277, 4.336403
249.000000, 98.217502, 4.192587
250.000000, 98.425834, 4.140690
251.000000, 98.631905, 4.102177
252.000000, 98.837012, 4.102104
253.000000, 99.038310, 3.949789
254.000000, 99.232588, 3.821334
255.000000, 99.422275, 3.766157
256.000000, 99.615567, 3.965507
257.000000, 99.815515, 4.032450
258.000000, 100.013261, 3.877363
259.000000, 100.203859, 3.746562
260.000000, 100.391196, 3.746924
261.000000, 100.576761, 3.675668
262.000000, 100.758452, 3.591977
263.000000, 100.936271, 3.520763
264.000000, 101.111041, 3.470062
265.000000, 101.283733, 3.437620
266.000000, 101.453716, 3.361693
267.000000, 101.622588, 3.393179
268.000000, 101.794202, 3.471398
269.000000, 101.965267, 3.371185
270.000000, 102.132757, 3.328420
271.000000, 102.297809, 3.273656
272.000000, 102.455200, 3.021978
273.000000, 102.607271, 3.060865
274.000000, 102.757882, 2.963581
275.000000, 102.905500, 2.941134
276.000000, 103.053094, 2.962644
277.000000, 103.197870, 2.828405
278.000000, 103.339140, 2.822381
279.000000, 103.477802, 2.724091
280.000000, 103.609298, 2.535739
281.000000, 103.732305, 2.384548
282.000000, 103.845303, 2.135395
283.000000, 103.949540, 2.034053
284.000000, 104.052764, 2.094934
285.000000, 104.152616, 1.899144
286.000000, 104.244473, 1.775131
287.000000, 104.331362, 1.700420
288.000000, 104.413206, 1.573359
289.000000, 104.483895, 1.254185
290.000000, 104.546492, 1.249685
291.000000, 104.604959, 1.089018
292.000000, 104.653447, 0.850477
293.000000, 104.693154, 0.737799
294.000000, 104.729233, 0.705390
295.000000, 104.759085, 0.488684
296.000000, 104.780760, 0.378300
297.000000, 104.794934, 0.188686
298.000000, 104.805596, 0.237788
299.000000, 104.815152, 0.144449
0.000000, 0.000000, 0.000000
1.000000, 0.004502, 0.180064
2.000000, 0.016171, 0.286724
3.000000, 0.028453, 0.204561
4.000000, 0.045569, 0.480052
5.000000, 0.074265, 0.667807
6.000000, 0.114461, 0.940038
7.000000, 0.163284, 1.012855
8.000000, 0.215652, 1.081859
9.000000, 0.272446, 1.189926
10.000000, 0.338367, 1.446912
11.000000, 0.413686, 1.565836
12.000000, 0.492147, 1.572617
13.000000, 0.573940, 1.699081
14.000000, 0.665236, 1.952792
15.000000, 0.763619, 1.982520
16.000000, 0.868723, 2.221640
17.000000, 0.984199, 2.397404
18.000000, 1.110078, 2.637733
19.000000, 1.242186, 2.646580
20.000000, 1.380401, 2.882022
21.000000, 1.531599, 3.165908
22.000000, 1.693945, 3.327924
23.000000, 1.858579, 3.257468
24.000000, 2.030272, 3.610232
25.000000, 2.219920, 3.975677
26.000000, 2.421310, 4.079925
27.000000, 2.629144, 4.233460
28.000000, 2.845686, 4.428206
29.000000, 3.070434, 4.561734
30.000000, 3.299008, 4.581215
31.000000, 3.535185, 4.865854
32.000000, 3.782050, 5.008733
33.000000, 4.034591, 5.092906
34.000000, 4.291944, 5.201238
35.000000, 4.560971, 5.559842
36.000000, 4.840697, 5.629187
37.000000, 5.127972, 5.861832
38.000000, 5.428144, 6.145040
39.000000, 5.737275, 6.220175
40.000000, 6.057594, 6.592614
41.000000, 6.394142, 6.869312
42.000000, 6.741557, 7.027284
43.000000, 7.095138, 7.115925
44.000000, 7.452723, 7.187484
45.000000, 7.816620, 7.368412
46.000000, 8.186336, 7.420215
47.000000, 8.560360, 7.540761
48.000000, 8.938731, 7.594073
49.000000, 9.321166, 7.703307
50.000000, 9.707509, 7.750426
51.000000, 10.098493, 7.888941
52.000000, 10.496368, 8.026058
53.000000, 10.897922, 8.036114
54.000000, 11.300398, 8.062894
55.000000, 11.706465, 8.179785
56.000000, 12.120865, 8.396235
57.000000, 12.548984, 8.728536
58.000000, 12.989595, 8.895899
59.000000, 13.434554, 8.902436
60.000000, 13.884081, 9.078664
61.000000, 14.344484, 9.337440
62.000000, 14.814164, 9.449786
63.000000, 15.285769, 9.414381
64.000000, 15.757258, 9.445184
65.000000, 16.232723, 9.573440
66.000000, 16.714337, 9.691116
67.000000, 17.211083, 10.178727
68.000000, 17.721758, 10.248277
69.000000, 18.232719, 10.190137
70.000000, 18.749158, 10.467444
71.000000, 19.274499, 10.546203
72.000000, 19.806633, 10.739142
73.000000, 20.346787, 10.867012
74.000000, 20.892702, 10.969614
75.000000, 21.446188, 11.169803
76.000000, 22.009200, 11.350700
77.000000, 22.580244, 11.491058
78.000000, 23.159139, 11.664727
79.000000, 23.745130, 11.774928
80.000000, 24.338982, 11.979152
81.000000, 24.934614, 11.846124
82.000000, 25.532556, 12.071546
83.000000, 26.132998, 11.946132
84.000000, 26.736471, 12.192784
85.000000, 27.348375, 12.283392
86.000000, 27.962379, 12.276739
87.000000, 28.572054, 12.110265
88.000000, 29.180099, 12.211551
89.000000, 29.785992, 12.024175
90.000000, 30.386173, 11.983046
91.000000, 30.985791, 12.001694
92.000000, 31.590891, 12.202287
93.000000, 32.197688, 12.069583
94.000000, 32.801562, 12.085386
95.000000, 33.406985, 12.131551
96.000000, 34.015078, 12.192145
97.000000, 34.624435, 12.182157
98.000000, 35.232919, 12.157181
99.000000, 35.839620, 12.110891
100.000000, 36.442406, 12.000543
101.000000, 37.043073, 12.026137
102.000000, 37.645400, 12.066952
103.000000, 38.243397, 11.852915
104.000000, 38.836964, 11.889758
105.000000, 39.437946, 12.149527
106.000000, 40.044419, 12.109401
107.000000, 40.651631, 12.179069
108.000000, 41.257353, 12.049802
109.000000, 41.858871, 12.010928
110.000000, 42.456445, 11.892038
111.000000, 43.050453, 11.868266
112.000000, 43.645049, 11.915585
113.000000, 44.244482, 12.061751
114.000000, 44.847490, 12.058567
115.000000, 45.451568, 12.104548
116.000000, 46.056228, 12.081859
117.000000, 46.661474, 12.127976
118.000000, 47.268957, 12.171314
119.000000, 47.883635, 12.415839
120.000000, 48.508253, 12.568877
121.000000, 49.140025, 12.701971
122.000000, 49.776367, 12.751715
123.000000, 50.414726, 12.782667
124.000000, 51.055323, 12.841202
125.000000, 51.698741, 12.895537
126.000000, 52.346524, 13.015753
127.000000, 53.004483, 13.302639
128.000000, 53.666788, 13.189532
129.000000, 54.326516, 13.199594
130.000000, 54.984822, 13.132659
131.000000, 55.644811, 13.266872
132.000000, 56.308405, 13.276917
133.000000, 56.977448, 13.484781
134.000000, 57.654933, 13.614618
135.000000, 58.330064, 13.390653
136.000000, 58.999083, 13.370098
137.000000, 59.672011, 13.547016
138.000000, 60.350953, 13.610668
139.000000, 61.031788, 13.622714
140.000000, 61.714727, 13.694855
141.000000, 62.397264, 13.606643
142.000000, 63.077964, 13.621331
143.000000, 63.760303, 13.672224
144.000000, 64.442856, 13.629903
145.000000, 65.122590, 13.559457
146.000000, 65.800768, 13.567654
147.000000, 66.478990, 13.561229
148.000000, 67.159364, 13.653746
149.000000, 67.842495, 13.671492
150.000000, 68.529918, 13.825410
151.000000, 69.219255, 13.748067
152.000000, 69.909202, 13.849819
153.000000, 70.601836, 13.855555
154.000000, 71.295086, 13.874443
155.000000, 71.991101, 13.966158
156.000000, 72.692725, 14.098792
157.000000, 73.397754, 14.102364
158.000000, 74.102843, 14.101204
159.000000, 74.812238, 14.274608
160.000000, 75.528016, 14.356513
161.000000, 76.244026, 14.283869
162.000000, 76.955661, 14.181531
163.000000, 77.660991, 14.031696
164.000000, 78.367255, 14.218851
165.000000, 79.079974, 14.289909
166.000000, 79.792321, 14.203973
167.000000, 80.503953, 14.261294
168.000000, 81.217374, 14.275539
169.000000, 81.930100, 14.233532
170.000000, 82.640210, 14.170835
171.000000, 83.347337, 14.114276
172.000000, 84.056735, 14.261622
173.000000, 84.775355, 14.483173
174.000000, 85.498187, 14.430099
175.000000, 86.218921, 14.399286
176.000000, 86.935785, 14.275274
177.000000, 87.644087, 14.056810
178.000000, 88.344619, 13.964464
179.000000, 89.046545, 14.112584
180.000000, 89.751711, 14.094037
181.000000, 90.451831, 13.910770
182.000000, 91.147949, 13.933945
183.000000, 91.844863, 13.942628
184.000000, 92.541185, 13.910224
185.000000, 93.234475, 13.821391
186.000000, 93.926353, 13.853717
187.000000, 94.623810, 14.044563
188.000000, 95.324019, 13.963799
189.000000, 96.023812, 14.027952
190.000000, 96.721378, 13.874652
191.000000, 97.420957, 14.108536
192.000000, 98.131955, 14.331355
193.000000, 98.847695, 14.298267
194.000000, 99.562514, 14.294485
195.000000, 100.278910, 14.361337
196.000000, 100.997941, 14.399941
197.000000, 101.721568, 14.545118
198.000000, 102.445654, 14.418305
199.000000, 103.161816, 14.228210
200.000000, 103.869367, 14.073817
201.000000, 104.572843, 14.065219
202.000000, 105.273964, 13.979614
203.000000, 105.970432, 13.879109
204.000000, 106.662524, 13.804561
205.000000, 107.351337, 13.747981
206.000000, 108.036329, 13.651705
207.000000, 108.719656, 13.681376
208.000000, 109.403419, 13.669144
209.000000, 110.085529, 13.615259
210.000000, 110.764097, 13.527441
211.000000, 111.440458, 13.527011
212.000000, 112.119564, 13.637200
213.000000, 112.801168, 13.626995
214.000000, 113.481304, 13.578446
215.000000, 114.160616, 13.594018
216.000000, 114.838853, 13.535450
217.000000, 115.515137, 13.515911
218.000000, 116.190940, 13.516212
219.000000, 116.866564, 13.508769
220.000000, 117.540898, 13.464559
221.000000, 118.213265, 13.430125
222.000000, 118.886366, 13.493935
223.000000, 119.558321, 13.384242
224.000000, 120.226481, 13.342181
225.000000, 120.889376, 13.173623
226.000000, 121.540943, 12.889039
227.000000, 122.185463, 12.891782
228.000000, 122.829949, 12.887662
229.000000, 123.472874, 12.829339
230.000000, 124.112203, 12.743790
231.000000, 124.749577, 12.751180
232.000000, 125.379475, 12.444741
233.000000, 126.004218, 12.544976
234.000000, 126.630079, 12.489456
235.000000, 127.251358, 12.361701
236.000000, 127.871016, 12.424614
237.000000, 128.494424, 12.511712
238.000000, 129.118004, 12.431484
239.000000, 129.737360, 12.342766
240.000000, 130.354030, 12.324022
241.000000, 130.969302, 12.286873
242.000000, 131.580351, 12.155073
243.000000, 132.192573, 12.333832
244.000000, 132.810802, 12.395310
245.000000, 133.434172, 12.539506
246.000000, 134.060555, 12.515804
247.000000, 134.685917, 12.498690
248.000000, 135.310781, 12.495875
249.000000, 135.936839, 12.546422
250.000000, 136.569252, 12.750118
251.000000, 137.202206, 12.568030
252.000000, 137.834466, 12.722389
253.000000, 138.468591, 12.642580
254.000000, 139.100494, 12.633569
255.000000, 139.730296, 12.558501
256.000000, 140.354409, 12.406005
257.000000, 140.976154, 12.463796
258.000000, 141.597998, 12.409981
259.000000, 142.220493, 12.489816
260.000000, 142.844614, 12.475032
261.000000, 143.468902, 12.496466
262.000000, 144.092602, 12.451554
263.000000, 144.710998, 12.284259
264.000000, 145.321390, 12.131448
265.000000, 145.928937, 12.170412
266.000000, 146.537442, 12.169799
267.000000, 147.146789, 12.204083
268.000000, 147.759170, 12.291146
269.000000, 148.369377, 12.117123
270.000000, 148.973625, 12.052803
271.000000, 149.579409, 12.178560
272.000000, 150.190477, 12.264186
273.000000, 150.805823, 12.349638
274.000000, 151.421873, 12.292345
275.000000, 152.033494, 12.172512
276.000000, 152.641062, 12.130197
277.000000, 153.246103, 12.071457
278.000000, 153.846045, 11.926196
279.000000, 154.442805, 11.944209
280.000000, 155.039735, 11.933024
281.000000, 155.639619, 12.062319
282.000000, 156.241084, 11.996286
283.000000, 156.839187, 11.927832
284.000000, 157.433110, 11.829073
285.000000, 158.025608, 11.870866
286.000000, 158.616226, 11.753857
287.000000, 159.203998, 11.757020
288.000000, 159.791434, 11.740419
289.000000, 160.376455, 11.660414
290.000000, 160.960371, 11.696222
291.000000, 161.542913, 11.605468
292.000000, 162.123871, 11.632842
293.000000, 162.701200, 11.460305
294.000000, 163.274498, 11.471614
295.000000, 163.848991, 11.508139
296.000000, 164.425284, 11.543584
297.000000, 165.000553, 11.467142
298.000000, 165.570972, 11.349639
299.000000, 166.133149, 11.137431
0.000000, 0.000000, 0.000000
1.000000, 0.005024, 0.200968
2.000000, 0.022171, 0.484890
3.000000, 0.049048, 0.590190
4.000000, 0.082109, 0.732269
5.000000, 0.121438, 0.840885
6.000000, 0.168991, 1.061250
7.000000, 0.228928, 1.336222
8.000000, 0.303960, 1.665034
9.000000, 0.394705, 1.964784
10.000000, 0.495402, 2.063110
11.000000, 0.604948, 2.318710
12.000000, 0.724781, 2.474609
13.000000, 0.856270, 2.784971
14.000000, 1.006024, 3.205190
15.000000, 1.174395, 3.529625
16.000000, 1.360829, 3.927750
17.000000, 1.562770, 4.149895
18.000000, 1.778146, 4.465154
19.000000, 2.010968, 4.847730
20.000000, 2.260760, 5.143942
21.000000, 2.523175, 5.352630
22.000000, 2.799062, 5.682882
23.000000, 3.088455, 5.892813
24.000000, 3.390906, 6.205240
25.000000, 3.709312, 6.530985
26.000000, 4.041370, 6.751351
27.000000, 4.385735, 7.023238
28.000000, 4.744506, 7.327591
29.000000, 5.119110, 7.656595
30.000000, 5.511884, 8.054351
31.000000, 5.924442, 8.447966
32.000000, 6.354001, 8.734401
33.000000, 6.795993, 8.945299
34.000000, 7.249911, 9.211403
35.000000, 7.717016, 9.472811
36.000000, 8.198546, 9.788370
37.000000, 8.689159, 9.836159
38.000000, 9.188266, 10.128114
39.000000, 9.702552, 10.443315
40.000000, 10.236628, 10.919738
41.000000, 10.788669, 11.161902
42.000000, 11.354994, 11.491117
43.000000, 11.937872, 11.823971
44.000000, 12.535461, 12.079587
45.000000, 13.146527, 12.363067
46.000000, 13.759255, 12.146072
47.000000, 14.364499, 12.063662
48.000000, 14.965158, 11.962707
49.000000, 15.564354, 12.005131
50.000000, 16.158323, 11.753626
51.000000, 16.747215, 11.802073
52.000000, 17.329915, 11.505936
53.000000, 17.903215, 11.426026
54.000000, 18.462458, 10.943692
55.000000, 19.014430, 11.135194
56.000000, 19.570007, 11.087896
57.000000, 20.121621, 10.976649
58.000000, 20.666272, 10.809421
59.000000, 21.209613, 10.924212
60.000000, 21.758199, 11.019224
61.000000, 22.309267, 11.023514
62.000000, 22.855238, 10.815289
63.000000, 23.390071, 10.578039
64.000000, 23.914753, 10.409240
65.000000, 24.433678, 10.347759
66.000000, 24.949456, 10.283386
67.000000, 25.462818, 10.251074
68.000000, 25.974681, 10.223440
69.000000, 26.481939, 10.066876
70.000000, 26.981935, 9.932978
71.000000, 27.474500, 9.769618
72.000000, 27.958850, 9.604374
73.000000, 28.436103, 9.485780
74.000000, 28.906721, 9.338938
75.000000, 29.371351, 9.246244
76.000000, 29.829069, 9.062495
77.000000, 30.280261, 8.985159
78.000000, 30.725185, 8.811791
79.000000, 31.163399, 8.716769
80.000000, 31.593828, 8.500407
81.000000, 32.024486, 8.725916
82.000000, 32.456002, 8.534711
83.000000, 32.880726, 8.454279
84.000000, 33.301827, 8.389747
85.000000, 33.718254, 8.267331
86.000000, 34.130422, 8.219394
87.000000, 34.542187, 8.251197
88.000000, 34.951064, 8.103894
89.000000, 35.349027, 7.814634
90.000000, 35.738213, 7.752791
91.000000, 36.122812, 7.631170
92.000000, 36.497442, 7.354015
93.000000, 36.864186, 7.315757
94.000000, 37.221423, 6.973716
95.000000, 37.577049, 7.251322
96.000000, 37.934134, 7.032083
97.000000, 38.282321, 6.895391
98.000000, 38.619819, 6.604549
99.000000, 38.960181, 7.009930
100.000000, 39.310117, 6.987496
101.000000, 39.655600, 6.831843
102.000000, 39.992217, 6.632832
103.000000, 40.318944, 6.436243
104.000000, 40.637532, 6.307264
105.000000, 40.952769, 6.302212
106.000000, 41.268059, 6.309421
107.000000, 41.576271, 6.019028
108.000000, 41.876477, 5.989206
109.000000, 42.171263, 5.802252
110.000000, 42.460821, 5.780080
111.000000, 42.748382, 5.722363
112.000000, 43.029752, 5.532415
113.000000, 43.305474, 5.496453
114.000000, 43.576741, 5.354251
115.000000, 43.844532, 5.357399
116.000000, 44.105109, 5.065675
117.000000, 44.352554, 4.832117
118.000000, 44.591670, 4.732525
119.000000, 44.828568, 4.743372
120.000000, 45.064459, 4.692284
121.000000, 45.295439, 4.546907
122.000000, 45.522012, 4.516040
123.000000, 45.746796, 4.475320
124.000000, 45.966371, 4.307654
125.000000, 46.179618, 4.222223
126.000000, 46.389267, 4.163732
127.000000, 46.597977, 4.184697
128.000000, 46.804610, 4.080607
129.000000, 47.010287, 4.146484
130.000000, 47.216019, 4.082791
131.000000, 47.419494, 4.056214
132.000000, 47.618083, 3.887340
133.000000, 47.809192, 3.757019
134.000000, 47.991424, 3.532244
135.000000, 48.165646, 3.436667
136.000000, 48.335163, 3.344003
137.000000, 48.497587, 3.152942
138.000000, 48.647438, 2.841112
139.000000, 48.787041, 2.743005
140.000000, 48.925246, 2.785203
141.000000, 49.059615, 2.589555
142.000000, 49.184730, 2.415032
143.000000, 49.305619, 2.420535
144.000000, 49.424586, 2.338154
145.000000, 49.537924, 2.195357
146.000000, 49.643625, 2.032698
147.000000, 49.743788, 1.973811
148.000000, 49.842099, 1.958614
149.000000, 49.935915, 1.794021
150.000000, 50.021163, 1.615934
151.000000, 50.099701, 1.525550
152.000000, 50.173388, 1.421965
153.000000, 50.241098, 1.286427
154.000000, 50.307222, 1.358506
155.000000, 50.373225, 1.281645
156.000000, 50.431358, 1.043652
157.000000, 50.480547, 0.923932
158.000000, 50.523853, 0.808302
159.000000, 50.559210, 0.605973
160.000000, 50.587944, 0.543401
161.000000, 50.609476, 0.317844
162.000000, 50.621714, 0.171709
163.000000, 50.628355, 0.093913
164.000000, 50.630703, 0.000000
0.000000, 0.000000, 0.000000
1.000000, 0.005231, 0.209227
2.000000, 0.018561, 0.324003
3.000000, 0.035600, 0.357521
4.000000, 0.054709, 0.406867
5.000000, 0.072608, 0.309076
6.000000, 0.089876, 0.381632
7.000000, 0.109578, 0.406456
8.000000, 0.130660, 0.436837
9.000000, 0.151653, 0.402887
10.000000, 0.171478, 0.390101
11.000000, 0.194065, 0.513392
12.000000, 0.215069, 0.326749
13.000000, 0.231494, 0.330263
14.000000, 0.249885, 0.405356
15.000000, 0.269688, 0.386788
16.000000, 0.288865, 0.380268
17.000000, 0.307408, 0.361487
18.000000, 0.328167, 0.468846
19.000000, 0.355240, 0.614073
20.000000, 0.387967, 0.695005
21.000000, 0.429143, 0.952053
22.000000, 0.478740, 1.031832
23.000000, 0.531855, 1.092773
24.000000, 0.592308, 1.325322
25.000000, 0.664856, 1.576594
26.000000, 0.744721, 1.618023
27.000000, 0.827406, 1.689374
28.000000, 0.912317, 1.707069
29.000000, 0.992987, 1.519745
30.000000, 1.070955, 1.598966
31.000000, 1.154504, 1.742997
32.000000, 1.240820, 1.709653
33.000000, 1.333451, 1.995556
34.000000, 1.437021, 2.147264
35.000000, 1.545015, 2.172495
36.000000, 1.652627, 2.131991
37.000000, 1.759883, 2.158217
38.000000, 1.871183, 2.293783
39.000000, 1.986331, 2.312148
40.000000, 2.102946, 2.352467
41.000000, 2.225278, 2.540808
42.000000, 2.358638, 2.793593
43.000000, 2.496526, 2.721928
44.000000, 2.630056, 2.619287
45.000000, 2.761448, 2.636374
46.000000, 2.894255, 2.675891
47.000000, 3.026993, 2.633637
48.000000, 3.158487, 2.626126
49.000000, 3.292214, 2.722962
50.000000, 3.431830, 2.861684
51.000000, 3.576465, 2.923700
52.000000, 3.719370, 2.792502
53.000000, 3.859420, 2.809496
54.000000, 3.994599, 2.597651
55.000000, 4.125518, 2.639125
56.000000, 4.260396, 2.756016
57.000000, 4.397805, 2.740313
58.000000, 4.539054, 2.909672
59.000000, 4.688443, 3.065890
60.000000, 4.844443, 3.174112
61.000000, 5.003090, 3.171771
62.000000, 5.162376, 3.199647
63.000000, 5.323527, 3.246391
64.000000, 5.485579, 3.235689
65.000000, 5.645814, 3.173727
66.000000, 5.806126, 3.238733
67.000000, 5.968787, 3.267701
68.000000, 6.133999, 3.340798
69.000000, 6.302441, 3.396882
70.000000, 6.471080, 3.348661
71.000000, 6.633747, 3.158037
72.000000, 6.794345, 3.265872
73.000000, 6.956006, 3.200585
74.000000, 7.120704, 3.387346
75.000000, 7.289994, 3.384217
76.000000, 7.459295, 3.387845
77.000000, 7.631044, 3.482110
78.000000, 7.808007, 3.596408
79.000000, 7.988310, 3.615722
80.000000, 8.168569, 3.594648
81.000000, 8.347500, 3.562585
82.000000, 8.527384, 3.632755
83.000000, 8.712552, 3.773969
84.000000, 8.902518, 3.824696
85.000000, 9.093721, 3.823414
86.000000, 9.287473, 3.926672
87.000000, 9.485812, 4.006882
88.000000, 9.684390, 3.936212
89.000000, 9.878254, 3.818343
90.000000, 10.065890, 3.687106
91.000000, 10.250373, 3.692239
92.000000, 10.432890, 3.608420
93.000000, 10.617643, 3.781718
94.000000, 10.807241, 3.802195
95.000000, 10.991808, 3.580481
96.000000, 11.175038, 3.748704
97.000000, 11.360984, 3.689163
98.000000, 11.549138, 3.836992
99.000000, 11.739702, 3.785559
100.000000, 11.929279, 3.797519
101.000000, 12.124725, 4.020327
102.000000, 12.323477, 3.929770
103.000000, 12.516444, 3.788883
104.000000, 12.707755, 3.863554
105.000000, 12.903005, 3.946458
106.000000, 13.100378, 3.948462
107.000000, 13.296866, 3.911049
108.000000, 13.490994, 3.854060
109.000000, 13.679080, 3.669393
110.000000, 13.863042, 3.689111
111.000000, 14.045200, 3.597195
112.000000, 14.222144, 3.480571
113.000000, 14.397647, 3.539541
114.000000, 14.570724, 3.383535
115.000000, 14.736810, 3.259908
116.000000, 14.897309, 3.160071
117.000000, 15.057263, 3.238069
118.000000, 15.218802, 3.223497
119.000000, 15.379062, 3.186914
120.000000, 15.541929, 3.327731
121.000000, 15.704678, 3.182227
122.000000, 15.865283, 3.241973
123.000000, 16.027280, 3.237922
124.000000, 16.189737, 3.260382
125.000000, 16.351800, 3.222137
126.000000, 16.511853, 3.179952
127.000000, 16.672795, 3.257737
128.000000, 16.832524, 3.131410
129.000000, 16.990447, 3.185519
130.000000, 17.149659, 3.182965
131.000000, 17.311507, 3.290969
132.000000, 17.475645, 3.274553
133.000000, 17.634749, 3.089588
134.000000, 17.787203, 3.008577
135.000000, 17.937093, 2.987024
136.000000, 18.090120, 3.134044
137.000000, 18.247156, 3.147401
138.000000, 18.408468, 3.305082
139.000000, 18.573140, 3.281785
140.000000, 18.735713, 3.221142
141.000000, 18.896704, 3.218488
142.000000, 19.060732, 3.342642
143.000000, 19.233459, 3.566467
144.000000, 19.413303, 3.627291
145.000000, 19.595995, 3.680368
146.000000, 19.779345, 3.653655
147.000000, 19.961836, 3.645971
148.000000, 20.146316, 3.733236
149.000000, 20.331608, 3.678424
150.000000, 20.518917, 3.813951
151.000000, 20.706915, 3.705975
152.000000, 20.893344, 3.751166
153.000000, 21.081081, 3.758332
154.000000, 21.272749, 3.908357
155.000000, 21.470379, 3.996857
156.000000, 21.673769, 4.138729
157.000000, 21.880706, 4.138764
158.000000, 22.088354, 4.167164
159.000000, 22.292743, 4.008382
160.000000, 22.482236, 3.571350
161.000000, 22.662205, 3.627419
162.000000, 22.843322, 3.617247
163.000000, 23.021357, 3.504172
164.000000, 23.197652, 3.547631
165.000000, 23.373521, 3.487100
166.000000, 23.550482, 3.591357
167.000000, 23.727699, 3.497327
168.000000, 23.903781, 3.545938
169.000000, 24.079411, 3.479270
170.000000, 24.255882, 3.579588
171.000000, 24.435701, 3.613143
172.000000, 24.615581, 3.582059
173.000000, 24.794316, 3.567364
174.000000, 24.976163, 3.706510
175.000000, 25.156866, 3.521612
176.000000, 25.335056, 3.605987
177.000000, 25.509096, 3.355624
178.000000, 25.674186, 3.247946
179.000000, 25.836068, 3.227340
180.000000, 25.999215, 3.298542
181.000000, 26.158877, 3.087957
182.000000, 26.315044, 3.158726
183.000000, 26.472569, 3.142257
184.000000, 26.630049, 3.156933
185.000000, 26.786373, 3.096044
186.000000, 26.939090, 3.012619
187.000000, 27.090314, 3.036339
188.000000, 27.238018, 2.871850
189.000000, 27.379777, 2.798481
190.000000, 27.514880, 2.605658
191.000000, 27.639261, 2.369575
192.000000, 27.761459, 2.518355
193.000000, 27.885167, 2.429936
194.000000, 28.005703, 2.391518
195.000000, 28.125192, 2.388063
196.000000, 28.243087, 2.327700
197.000000, 28.357489, 2.248395
198.000000, 28.470137, 2.257538
199.000000, 28.583026, 2.258025
200.000000, 28.693003, 2.141050
201.000000, 28.800257, 2.149112
202.000000, 28.903186, 1.968041
203.000000, 28.997810, 1.816903
204.000000, 29.087959, 1.789086
205.000000, 29.175835, 1.725920
206.000000, 29.259397, 1.616585
207.000000, 29.344432, 1.784793
208.000000, 29.432029, 1.719105
209.000000, 29.517753, 1.709843
210.000000, 29.602927, 1.697121
211.000000, 29.689260, 1.756190
212.000000, 29.780271, 1.884282
213.000000, 29.871253, 1.754982
214.000000, 29.956146, 1.640740
215.000000, 30.040435, 1.730801
216.000000, 30.126658, 1.718124
217.000000, 30.216682, 1.882858
218.000000, 30.308831, 1.803084
219.000000, 30.392838, 1.557207
220.000000, 30.465828, 1.362392
221.000000, 30.536651, 1.470538
222.000000, 30.605970, 1.302206
223.000000, 30.669809, 1.251380
224.000000, 30.730509, 1.176608
225.000000, 30.788569, 1.145802
226.000000, 30.845393, 1.127125
227.000000, 30.900284, 1.068515
228.000000, 30.950768, 0.950849
229.000000, 30.996514, 0.878985
230.000000, 31.037995, 0.780273
231.000000, 31.074673, 0.686858
232.000000, 31.106070, 0.569000
233.000000, 31.135054, 0.590384
234.000000, 31.163221, 0.536282
235.000000, 31.190490, 0.554490
236.000000, 31.216361, 0.480333
237.000000, 31.238330, 0.398419
238.000000, 31.258668, 0.415098
239.000000, 31.276081, 0.281461
240.000000, 31.284007, 0.035575
241.000000, 31.285677, 0.031207
242.000000, 31.286457, 0.000000
0.000000, 0.000000, 0.000000
1.000000, 0.000000, 0.000000
2.000000, 0.002264, 0.090565
3.000000, 0.017546, 0.520689
4.000000, 0.039221, 0.346337
5.000000, 0.059806, 0.477041
6.000000, 0.084178, 0.497848
7.000000, 0.115298, 0.746973
8.000000, 0.153676, 0.788132
9.000000, 0.198373, 0.999765
10.000000, 0.252346, 1.159124
11.000000, 0.314341, 1.320681
12.000000, 0.381394, 1.361448
13.000000, 0.453008, 1.503094
14.000000, 0.530522, 1.597468
15.000000, 0.613700, 1.729661
16.000000, 0.698495, 1.662164
17.000000, 0.786821, 1.870852
18.000000, 0.880693, 1.884027
19.000000, 0.977722, 1.997153
20.000000, 1.081961, 2.172397
21.000000, 1.196898, 2.425099
22.000000, 1.321075, 2.541968
23.000000, 1.450179, 2.622179
24.000000, 1.585291, 2.782308
25.000000, 1.728590, 2.949646
26.000000, 1.881738, 3.176297
27.000000, 2.042369, 3.248924
28.000000, 2.210847, 3.490181
29.000000, 2.386922, 3.552853
30.000000, 2.566995, 3.650032
31.000000, 2.755576, 3.893228
32.000000, 2.958282, 4.215011
33.000000, 3.168519, 4.194467
34.000000, 3.375503, 4.084905
35.000000, 3.578164, 4.021536
36.000000, 3.778413, 3.988414
37.000000, 3.979107, 4.039345
38.000000, 4.179841, 3.990020
39.000000, 4.379098, 3.980277
40.000000, 4.580340, 4.069398
41.000000, 4.784610, 4.101399
42.000000, 4.990730, 4.143396
43.000000, 5.197975, 4.146391
44.000000, 5.401094, 3.978390
45.000000, 5.599759, 3.968205
46.000000, 5.801283, 4.092729
47.000000, 6.008368, 4.190689
48.000000, 6.215635, 4.100005
49.000000, 6.419062, 4.037056
50.000000, 6.622022, 4.081351
51.000000, 6.830097, 4.241635
52.000000, 7.042266, 4.245137
53.000000, 7.253485, 4.203620
54.000000, 7.465449, 4.274927
55.000000, 7.678196, 4.234957
56.000000, 7.894129, 4.402363
57.000000, 8.117957, 4.550781
58.000000, 8.345335, 4.544308
59.000000, 8.574763, 4.632832
60.000000, 8.804669, 4.563385
61.000000, 9.032060, 4.532262
62.000000, 9.262005, 4.665552
63.000000, 9.497055, 4.736429
64.000000, 9.731771, 4.652231
65.000000, 9.963643, 4.622658
66.000000, 10.195783, 4.662919
67.000000, 10.424575, 4.488774
68.000000, 10.643895, 4.284008
69.000000, 10.856312, 4.212701
70.000000, 11.066759, 4.205182
71.000000, 11.278840, 4.278056
72.000000, 11.491260, 4.218724
73.000000, 11.703516, 4.271541
74.000000, 11.916675, 4.254795
75.000000, 12.127376, 4.173242
76.000000, 12.331378, 3.986837
77.000000, 12.529901, 3.954077
78.000000, 12.725443, 3.867605
79.000000, 12.915988, 3.754217
80.000000, 13.107169, 3.893025
81.000000, 13.300721, 3.849053
82.000000, 13.494316, 3.894731
83.000000, 13.687551, 3.834662
84.000000, 13.876341, 3.716972
85.000000, 14.059075, 3.592390
86.000000, 14.237436, 3.542031
87.000000, 14.410687, 3.387995
88.000000, 14.576544, 3.246284
89.000000, 14.743147, 3.417852
90.000000, 14.914847, 3.450136
91.000000, 15.086562, 3.418459
92.000000, 15.257147, 3.404971
93.000000, 15.427813, 3.421656
94.000000, 15.595183, 3.273157
95.000000, 15.758151, 3.245540
96.000000, 15.919514, 3.208992
97.000000, 16.081311, 3.262904
98.000000, 16.243062, 3.207112
99.000000, 16.403062, 3.192882
100.000000, 16.562192, 3.172336
101.000000, 16.713403, 2.876092
102.000000, 16.856859, 2.862139
103.000000, 16.996590, 2.727110
104.000000, 17.134259, 2.779641
105.000000, 17.275085, 2.853421
106.000000, 17.414789, 2.734729
107.000000, 17.553819, 2.826483
108.000000, 17.694749, 2.810716
109.000000, 17.836914, 2.875866
110.000000, 17.977865, 2.762188
111.000000, 18.117033, 2.804527
112.000000, 18.255600, 2.738134
113.000000, 18.392891, 2.753540
114.000000, 18.531292, 2.782469
115.000000, 18.670002, 2.765934
116.000000, 18.805702, 2.662075
117.000000, 18.935770, 2.540626
118.000000, 19.061688, 2.496112
119.000000, 19.182749, 2.346323
120.000000, 19.305033, 2.545040
121.000000, 19.434609, 2.638012
122.000000, 19.564535, 2.559028
123.000000, 19.689218, 2.428278
124.000000, 19.815684, 2.630384
125.000000, 19.942340, 2.435844
126.000000, 20.062427, 2.367621
127.000000, 20.179965, 2.333923
128.000000, 20.291627, 2.132550
129.000000, 20.398538, 2.143895
130.000000, 20.503748, 2.064485
131.000000, 20.603224, 1.914571
132.000000, 20.694079, 1.719609
133.000000, 20.780479, 1.736407
134.000000, 20.866633, 1.709754
135.000000, 20.948108, 1.549242
136.000000, 21.022500, 1.426424
137.000000, 21.092949, 1.391572
138.000000, 21.159744, 1.280209
139.000000, 21.222025, 1.211044
140.000000, 21.279336, 1.081386
141.000000, 21.326772, 0.816032
142.000000, 21.366997, 0.792999
143.000000, 21.402269, 0.617854
144.000000, 21.432940, 0.608998
145.000000, 21.460595, 0.497201
146.000000, 21.483372, 0.413903
147.000000, 21.502635, 0.356595
148.000000, 21.520738, 0.367509
149.000000, 21.536010, 0.243410
150.000000, 21.545158, 0.122502
151.000000, 21.557134, 0.356522
152.000000, 21.570971, 0.196960
153.000000, 21.581141, 0.209828
154.000000, 21.589449, 0.122487
155.000000, 21.596044, 0.141333
156.000000, 21.599577, 0.000000
0.000000, 0.000000, 0.000000
1.000000, 0.000000, 0.000000
2.000000, 0.002119, 0.084767
3.000000, 0.010387, 0.245964
4.000000, 0.025820, 0.371351
5.000000, 0.044341, 0.369477
6.000000, 0.062262, 0.347381
7.000000, 0.080961, 0.400562
8.000000, 0.102646, 0.466832
9.000000, 0.129025, 0.588338
10.000000, 0.159954, 0.648833
11.000000, 0.192257, 0.643250
12.000000, 0.226771, 0.737336
13.000000, 0.261354, 0.645969
14.000000, 0.294236, 0.669303
15.000000, 0.329656, 0.747532
16.000000, 0.367536, 0.767647
17.000000, 0.405876, 0.765947
18.000000, 0.441567, 0.661701
19.000000, 0.476110, 0.720034
20.000000, 0.514145, 0.801334
21.000000, 0.558444, 0.970655
22.000000, 0.607828, 1.004677
23.000000, 0.659237, 1.051700
24.000000, 0.715711, 1.207269
25.000000, 0.776527, 1.225346
26.000000, 0.839640, 1.299183
27.000000, 0.902815, 1.227817
28.000000, 0.966604, 1.323735
29.000000, 1.036517, 1.472812
30.000000, 1.116090, 1.710090
31.000000, 1.202844, 1.760059
32.000000, 1.288973, 1.685114
33.000000, 1.375303, 1.768106
34.000000, 1.461462, 1.678228
35.000000, 1.546235, 1.712696
36.000000, 1.634359, 1.812258
37.000000, 1.728233, 1.942720
38.000000, 1.828057, 2.050237
39.000000, 1.932077, 2.110554
40.000000, 2.037731, 2.115622
41.000000, 2.143692, 2.122826
42.000000, 2.252056, 2.211697
43.000000, 2.362396, 2.201933
44.000000, 2.473352, 2.236287
45.000000, 2.582058, 2.111963
46.000000, 2.684680, 1.992897
47.000000, 2.788221, 2.148777
48.000000, 2.897626, 2.227392
49.000000, 3.011399, 2.323524
50.000000, 3.124469, 2.199308
51.000000, 3.233796, 2.173772
52.000000, 3.339626, 2.059426
53.000000, 3.444421, 2.132347
54.000000, 3.549699, 2.078783
55.000000, 3.650940, 1.970845
56.000000, 3.750109, 1.995933
57.000000, 3.851498, 2.059607
58.000000, 3.953387, 2.015957
59.000000, 4.055299, 2.060550
60.000000, 4.160535, 2.148870
61.000000, 4.268788, 2.181251
62.000000, 4.378165, 2.193844
63.000000, 4.488534, 2.220923
64.000000, 4.599089, 2.201253
65.000000, 4.710836, 2.268632
66.000000, 4.823014, 2.218501
67.000000, 4.932927, 2.178001
68.000000, 5.041776, 2.175979
69.000000, 5.152705, 2.261169
70.000000, 5.265516, 2.251284
71.000000, 5.379536, 2.309521
72.000000, 5.496925, 2.386005
73.000000, 5.617818, 2.449721
74.000000, 5.741698, 2.505477
75.000000, 5.868874, 2.581583
76.000000, 5.995646, 2.489295
77.000000, 6.121073, 2.527764
78.000000, 6.250740, 2.658934
79.000000, 6.383098, 2.635363
80.000000, 6.517939, 2.758297
81.000000, 6.655010, 2.724549
82.000000, 6.793718, 2.823781
83.000000, 6.938629, 2.972647
84.000000, 7.089362, 3.056661
85.000000, 7.242560, 3.071270
86.000000, 7.397934, 3.143679
87.000000, 7.553155, 3.065160
88.000000, 7.704644, 2.994399
89.000000, 7.858887, 3.175327
90.000000, 8.011615, 2.933801
91.000000, 8.156825, 2.874597
92.000000, 8.299344, 2.826174
93.000000, 8.444796, 2.991887
94.000000, 8.593896, 2.972134
95.000000, 8.736602, 2.736084
96.000000, 8.870654, 2.626019
97.000000, 9.001791, 2.619448
98.000000, 9.130923, 2.545832
99.000000, 9.256757, 2.487540
100.000000, 9.383453, 2.580288
101.000000, 9.510829, 2.514760
102.000000, 9.637079, 2.535230
103.000000, 9.764963, 2.580125
104.000000, 9.894610, 2.605769
105.000000, 10.025734, 2.639172
106.000000, 10.155446, 2.549304
107.000000, 10.286233, 2.682202
108.000000, 10.420941, 2.706087
109.000000, 10.557028, 2.737394
110.000000, 10.693523, 2.722424
111.000000, 10.831506, 2.796904
112.000000, 10.968728, 2.691981
113.000000, 11.100896, 2.594731
114.000000, 11.231015, 2.610005
115.000000, 11.358133, 2.474710
116.000000, 11.480730, 2.429188
117.000000, 11.598435, 2.279004
118.000000, 11.709355, 2.157798
119.000000, 11.814276, 2.039058
120.000000, 11.913771, 1.940735
121.000000, 12.011447, 1.966289
122.000000, 12.109501, 1.955898
123.000000, 12.205290, 1.875642
124.000000, 12.295527, 1.733849
125.000000, 12.385710, 1.873457
126.000000, 12.483949, 2.056119
127.000000, 12.586471, 2.044742
128.000000, 12.690037, 2.097922
129.000000, 12.791826, 1.973621
130.000000, 12.891087, 1.996834
131.000000, 12.987866, 1.874310
132.000000, 13.079310, 1.783458
133.000000, 13.171697, 1.912030
134.000000, 13.268070, 1.942895
135.000000, 13.361723, 1.803191
136.000000, 13.452521, 1.828751
137.000000, 13.540247, 1.680299
138.000000, 13.624231, 1.679062
139.000000, 13.708539, 1.693251
140.000000, 13.789313, 1.537684
141.000000, 13.867356, 1.584052
142.000000, 13.941816, 1.394359
143.000000, 14.008871, 1.287848
144.000000, 14.077818, 1.469997
145.000000, 14.150431, 1.434521
146.000000, 14.224165, 1.514839
147.000000, 14.296052, 1.360664
148.000000, 14.359854, 1.191427
149.000000, 14.420301, 1.226448
150.000000, 14.481257, 1.211780
151.000000, 14.544418, 1.314658
152.000000, 14.606117, 1.153296
153.000000, 14.658662, 0.948526
154.000000, 14.704405, 0.881193
155.000000, 14.746931, 0.819817
156.000000, 14.789276, 0.874017
157.000000, 14.829001, 0.714978
158.000000, 14.863894, 0.680741
159.000000, 14.895950, 0.601470
160.000000, 14.923473, 0.499463
161.000000, 14.948458, 0.499950
162.000000, 14.968904, 0.317903
163.000000, 14.982113, 0.210449
164.000000, 14.993144, 0.230790
165.000000, 15.000057, 0.045721
166.000000, 15.003803, 0.104098
167.000000, 15.006405, 0.000000
0.000000, 0.000000, 0.000000
1.000000, 0.000000, 0.000000
2.000000, 0.003893, 0.155739
3.000000, 0.012428, 0.185651
4.000000, 0.025382, 0.332519
5.000000, 0.039838, 0.245682
6.000000, 0.055881, 0.396060
7.000000, 0.076714, 0.437261
8.000000, 0.100832, 0.527476
9.000000, 0.125555, 0.461426
10.000000, 0.148967, 0.475038
11.000000, 0.177333, 0.659610
12.000000, 0.210015, 0.647679
13.000000, 0.245327, 0.764819
14.000000, 0.281463, 0.680596
15.000000, 0.318500, 0.800882
16.000000, 0.361282, 0.910386
17.000000, 0.410168, 1.045066
18.000000, 0.461264, 0.998778
19.000000, 0.516991, 1.230297
20.000000, 0.580997, 1.329951
21.000000, 0.649257, 1.400468
22.000000, 0.720981, 1.468489
23.000000, 0.797438, 1.589787
24.000000, 0.878925, 1.669698
25.000000, 0.964078, 1.736402
26.000000, 1.054710, 1.888897
27.000000, 1.148325, 1.855692
28.000000, 1.242281, 1.902560
29.000000, 1.340273, 2.017098
30.000000, 1.443534, 2.113346
31.000000, 1.552105, 2.229505
32.000000, 1.663531, 2.227528
33.000000, 1.776193, 2.278960
34.000000, 1.894677, 2.460403
35.000000, 2.018527, 2.493596
36.000000, 2.141616, 2.429958
37.000000, 2.266200, 2.553377
38.000000, 2.397857, 2.712917
39.000000, 2.534374, 2.747747
40.000000, 2.674034, 2.838653
41.000000, 2.816510, 2.860404
42.000000, 2.958069, 2.801963
43.000000, 3.100594, 2.899048
44.000000, 3.244891, 2.872804
45.000000, 3.390151, 2.937624
46.000000, 3.533957, 2.814584
47.000000, 3.675554, 2.849330
48.000000, 3.820330, 2.941692
49.000000, 3.962712, 2.753572
50.000000, 4.098236, 2.667395
51.000000, 4.238669, 2.949947
52.000000, 4.387395, 2.999064
53.000000, 4.541845, 3.178943
54.000000, 4.704197, 3.315159
55.000000, 4.870297, 3.328814
56.000000, 5.038762, 3.409806
57.000000, 5.207458, 3.338021
58.000000, 5.372739, 3.273219
59.000000, 5.540654, 3.443377
60.000000, 5.712729, 3.439631
61.000000, 5.883588, 3.394734
62.000000, 6.051071, 3.304561
63.000000, 6.213676, 3.199667
64.000000, 6.374103, 3.217394
65.000000, 6.536672, 3.285357
66.000000, 6.702219, 3.336554
67.000000, 6.871283, 3.425979
68.000000, 7.042449, 3.420681
69.000000, 7.218181, 3.608578
70.000000, 7.400092, 3.667866
71.000000, 7.586909, 3.804818
72.000000, 7.781817, 3.991500
73.000000, 7.977362, 3.830301
74.000000, 8.170407, 3.891518
75.000000, 8.368337, 4.025680
76.000000, 8.567454, 3.938987
77.000000, 8.768585, 4.106239
78.000000, 8.974531, 4.131602
79.000000, 9.184664, 4.273729
80.000000, 9.398758, 4.290014
81.000000, 9.612864, 4.274257
82.000000, 9.830176, 4.418198
83.000000, 10.053661, 4.521207
84.000000, 10.281719, 4.601137
85.000000, 10.509481, 4.509330
86.000000, 10.735657, 4.537728
87.000000, 10.962991, 4.555633
88.000000, 11.192357, 4.618992
89.000000, 11.424606, 4.670981
90.000000, 11.655530, 4.565944
91.000000, 11.882081, 4.496112
92.000000, 12.109840, 4.614238
93.000000, 12.341224, 4.641152
94.000000, 12.576126, 4.754916
95.000000, 12.811450, 4.658029
96.000000, 13.045727, 4.713076
97.000000, 13.281744, 4.727580
98.000000, 13.514280, 4.573872
99.000000, 13.743751, 4.604972
100.000000, 13.971432, 4.502247
101.000000, 14.198668, 4.587216
102.000000, 14.428086, 4.589482
103.000000, 14.660629, 4.712247
104.000000, 14.897201, 4.750643
105.000000, 15.137864, 4.875863
106.000000, 15.387645, 5.115373
107.000000, 15.642311, 5.071275
108.000000, 15.900130, 5.241510
109.000000, 16.162772, 5.264172
110.000000, 16.427579, 5.328077
111.000000, 16.695656, 5.395000
112.000000, 16.967160, 5.465178
113.000000, 17.239341, 5.422056
114.000000, 17.507002, 5.284392
115.000000, 17.772159, 5.321888
116.000000, 18.039694, 5.379526
117.000000, 18.310919, 5.469441
118.000000, 18.585458, 5.512127
119.000000, 18.863231, 5.598812
120.000000, 19.147283, 5.763240
121.000000, 19.439325, 5.918470
122.000000, 19.735978, 5.947637
123.000000, 20.034940, 6.010841
124.000000, 20.339787, 6.183037
125.000000, 20.644144, 5.991250
126.000000, 20.945896, 6.078830
127.000000, 21.254376, 6.260378
128.000000, 21.568703, 6.312686
129.000000, 21.884277, 6.310285
130.000000, 22.202292, 6.410290
131.000000, 22.527658, 6.604383
132.000000, 22.860650, 6.715298
133.000000, 23.196860, 6.733070
134.000000, 23.533708, 6.740867
135.000000, 23.876003, 6.950914
136.000000, 24.226369, 7.063742
137.000000, 24.580253, 7.091636
138.000000, 24.942293, 7.389943
139.000000, 25.312784, 7.429712
140.000000, 25.685554, 7.481069
141.000000, 26.060151, 7.502814
142.000000, 26.437692, 7.598824
143.000000, 26.818447, 7.631390
144.000000, 27.195680, 7.457924
145.000000, 27.571074, 7.557848
146.000000, 27.945943, 7.436917
147.000000, 28.322530, 7.626555
148.000000, 28.703950, 7.630245
149.000000, 29.085559, 7.634113
150.000000, 29.468504, 7.683688
151.000000, 29.854632, 7.761414
152.000000, 30.244341, 7.826943
153.000000, 30.640184, 8.006802
154.000000, 31.042768, 8.096527
155.000000, 31.448310, 8.125186
156.000000, 31.855293, 8.154130
157.000000, 32.264283, 8.205451
158.000000, 32.675860, 8.257647
159.000000, 33.090210, 8.316351
160.000000, 33.507644, 8.380992
161.000000, 33.927049, 8.395206
162.000000, 34.347505, 8.423039
163.000000, 34.765823, 8.309681
164.000000, 35.178094, 8.181161
165.000000, 35.587211, 8.183513
166.000000, 36.000296, 8.339910
167.000000, 36.417864, 8.362813
168.000000, 36.835431, 8.339854
169.000000, 37.253414, 8.379466
170.000000, 37.674766, 8.474599
171.000000, 38.099988, 8.534306
172.000000, 38.527202, 8.554216
173.000000, 38.960682, 8.784990
174.000000, 39.401350, 8.841730
175.000000, 39.843402, 8.840353
176.000000, 40.289350, 8.997575
177.000000, 40.741522, 9.089311
178.000000, 41.197276, 9.140847
179.000000, 41.653514, 9.108665
180.000000, 42.107283, 9.042086
181.000000, 42.561732, 9.135897
182.000000, 43.018608, 9.139137
183.000000, 43.476822, 9.189416
184.000000, 43.941844, 9.411488
185.000000, 44.416647, 9.580632
186.000000, 44.896233, 9.602776
187.000000, 45.384112, 9.912395
188.000000, 45.885170, 10.129943
189.000000, 46.392919, 10.179997
190.000000, 46.907544, 10.405026
191.000000, 47.427358, 10.387524
192.000000, 47.951680, 10.585345
193.000000, 48.478366, 10.482104
194.000000, 49.003516, 10.523905
195.000000, 49.531387, 10.590931
196.000000, 50.061312, 10.606046
197.000000, 50.596514, 10.802026
198.000000, 51.140271, 10.948269
199.000000, 51.687720, 10.949710
200.000000, 52.236654, 11.007637
201.000000, 52.788981, 11.085434
202.000000, 53.340822, 10.988217
203.000000, 53.887940, 10.896490
204.000000, 54.436109, 11.030298
205.000000, 54.989738, 11.114856
206.000000, 55.547356, 11.189864
207.000000, 56.107146, 11.201717
208.000000, 56.668891, 11.268101
209.000000, 57.232549, 11.278203
210.000000, 57.796301, 11.271868
211.000000, 58.355604, 11.100255
212.000000, 58.915196, 11.283442
213.000000, 59.482930, 11.425926
214.000000, 60.058981, 11.616093
215.000000, 60.637690, 11.532277
216.000000, 61.218780, 11.711305
217.000000, 61.808919, 11.894274
218.000000, 62.403573, 11.891874
219.000000, 62.995748, 11.795120
220.000000, 63.585611, 11.799410
221.000000, 64.174517, 11.756851
222.000000, 64.762430, 11.759653
223.000000, 65.352133, 11.828469
224.000000, 65.947001, 11.966265
225.000000, 66.545047, 11.955574
226.000000, 67.143587, 11.986021
227.000000, 67.745557, 12.092768
228.000000, 68.354828, 12.278085
229.000000, 68.973028, 12.449884
230.000000, 69.600727, 12.658085
231.000000, 70.235429, 12.730005
232.000000, 70.876926, 12.929868
233.000000, 71.525034, 12.994458
234.000000, 72.174619, 12.988926
235.000000, 72.827321, 13.119191
236.000000, 73.484712, 13.176447
237.000000, 74.144155, 13.201250
238.000000, 74.803087, 13.156041
239.000000, 75.460956, 13.158711
240.000000, 76.119967, 13.201727
241.000000, 76.783024, 13.320563
242.000000, 77.454451, 13.536514
243.000000, 78.134570, 13.668239
244.000000, 78.820659, 13.775308
245.000000, 79.510682, 13.825636
246.000000, 80.203824, 13.900041
247.000000, 80.900594, 13.970753
248.000000, 81.603557, 14.147771
249.000000, 82.311966, 14.188578
250.000000, 83.020641, 14.158443
251.000000, 83.731321, 14.268756
252.000000, 84.447050, 14.360406
253.000000, 85.165625, 14.382557
254.000000, 85.887318, 14.485178
255.000000, 86.617249, 14.712065
256.000000, 87.351437, 14.655449
257.000000, 88.086595, 14.750895
258.000000, 88.826138, 14.830804
259.000000, 89.569273, 14.894600
260.000000, 90.315771, 14.965317
261.000000, 91.064943, 15.001554
262.000000, 91.813302, 14.932816
263.000000, 92.563067, 15.057782
264.000000, 93.317857, 15.133815
265.000000, 94.079598, 15.335846
266.000000, 94.845870, 15.315003
267.000000, 95.614671, 15.437049
268.000000, 96.387598, 15.480024
269.000000, 97.162066, 15.498686
270.000000, 97.938722, 15.567579
271.000000, 98.721347, 15.737409
272.000000, 99.511458, 15.867021
273.000000, 100.305607, 15.898975
274.000000, 101.102805, 15.988923
275.000000, 101.907826, 16.211921
276.000000, 102.720649, 16.301010
277.000000, 103.539407, 16.449290
278.000000, 104.362091, 16.458062
279.000000, 105.186834, 16.531685
280.000000, 106.017534, 16.696314
281.000000, 106.853685, 16.749719
282.000000, 107.692444, 16.800622
283.000000, 108.535949, 16.939583
284.000000, 109.385601, 17.046506
285.000000, 110.239304, 17.101614
286.000000, 111.096073, 17.169140
287.000000, 111.957636, 17.293394
288.000000, 112.819406, 17.177402
289.000000, 113.682138, 17.331881
290.000000, 114.551017, 17.423265
291.000000, 115.423276, 17.467112
292.000000, 116.298262, 17.532325
293.000000, 117.173411, 17.473648
294.000000, 118.045825, 17.422901
295.000000, 118.918104, 17.468233
296.000000, 119.791261, 17.458056
297.000000, 120.664293, 17.463248
298.000000, 121.540251, 17.575047
299.000000, 122.419275, 17.585942
